<?xml version="1.0" encoding="UTF-8"?>
<web-app xmlns:xsi="http://www.w3.org/2001/XMLSchema-instance" xmlns="https://jakarta.ee/xml/ns/jakartaee" xsi:schemaLocation="https://jakarta.ee/xml/ns/jakartaee https://jakarta.ee/xml/ns/jakartaee/web-app_5_0.xsd" id="WebApp_ID" version="5.0">
  <display-name>Demo</display-name>
  <servlet>
    <description></description>
    <display-name>Print</display-name>
    <servlet-name>Print</servlet-name>
    <servlet-class>com.ankush.Print</servlet-class>
  </servlet>
  
  <servlet>
    <description></description>
    <display-name>SecondServlet</display-name>
    <servlet-name>SecondServlet</servlet-name>
    <servlet-class>com.ankush.SecondServlet</servlet-class>
  </servlet>
  
  <servlet-mapping>
    <servlet-name>Print</servlet-name>
    <url-pattern>/Print</url-pattern>
  </servlet-mapping>
  
   
  <servlet-mapping>
    <servlet-name>SecondServlet</servlet-name>
    <url-pattern>/SecondServlet</url-pattern>
  </servlet-mapping>
</web-app>